Nombre_empresa,Apellido,conteo
AD RETAIL S.A.,NEGRI,2
AD RETAIL S.A.,SANTA CRUZ,3
ADMINISTRADORA DE FONDOS DE PENSIONES CUPRUM S.A.,INFANTE,3
ADMINISTRADORA DE FONDOS DE PENSIONES HABITAT S.A.,BARROS,2
ADMINISTRADORA DE FONDOS DE PENSIONES HABITAT S.A.,COOPER,2
ADMINISTRADORA DE FONDOS DE PENSIONES HABITAT S.A.,JARAMILLO,2
ADMINISTRADORA DE FONDOS DE PENSIONES HABITAT S.A.,PAREDES,3
ADMINISTRADORA DE FONDOS DE PENSIONES HABITAT S.A.,PRIETO,2
ADMINISTRADORA DE FONDOS DE PENSIONES HABITAT S.A.,RODRIGUEZ,3
ADMINISTRADORA DE FONDOS DE PENSIONES HABITAT S.A.,SPAGNOLI,2
ADMINISTRADORA DE FONDOS DE PENSIONES HABITAT S.A.,VALDES,2
ADMINISTRADORA DE FONDOS DE PENSIONES HABITAT S.A.,VILLASUSO SARIO,2
ADMINISTRADORA DE FONDOS DE PENSIONES MODELO S.A.,COEYMANS,2
ADMINISTRADORA DE FONDOS DE PENSIONES MODELO S.A.,NAVARRO,2
ADMINISTRADORA DE FONDOS DE PENSIONES PLANVITAL S.A.,BATTINI,2
ADMINISTRADORA DE FONDOS DE PENSIONES PLANVITAL S.A.,ESPIRITO,2
ADMINISTRADORA DE FONDOS DE PENSIONES PLANVITAL S.A.,ORELLI,2
ADMINISTRADORA DE FONDOS DE PENSIONES PLANVITAL S.A.,PAPA,2
ADMINISTRADORA DE FONDOS DE PENSIONES PLANVITAL S.A.,PIZARRO,2
ADMINISTRADORA DE FONDOS DE PENSIONES PLANVITAL S.A.,RABUSIN,2
ADMINISTRADORA DE FONDOS DE PENSIONES PLANVITAL S.A.,SANTO,2
ADMINISTRADORA DE FONDOS DE PENSIONES PROVIDA S.A.,CAREY,2
ADMINISTRADORA GENERAL DE FONDOS SECURITY S.A.,SILVA,2
ADMINISTRADORA GENERAL DE FONDOS VISION ADVISORS S.A.,GUZMAN,3
AES GENER S.A.,ABRAMSON,3
AES GENER S.A.,CAMUS,2
AES GENER S.A.,CERON,2
AES GENER S.A.,CHILTON,2
AES GENER S.A.,GLUSKI,2
AES GENER S.A.,HALL,2
AES GENER S.A.,HARKER,2
AES GENER S.A.,MOHAN,2
AES GENER S.A.,NEBREDA,2
AES GENER S.A.,OFLYNN,2
AFEX AGENTES DE VALORES LIMITADA,BENNETT,2
AFEX AGENTES DE VALORES LIMITADA,GREENE,3
AGRICOLA NACIONAL S.A.C. E I.,GUZMAN,2
AGRICOLA NACIONAL S.A.C. E I.,MELNICK,2
AGRICOLA NACIONAL S.A.C. E I.,NUN,4
AGRICOLA NACIONAL S.A.C. E I.,PEICIHOVICI,2
AGROSUPER S.A.,CONCHA,2
AGROSUPER S.A.,GUZMAN,2
AGROSUPER S.A.,VIAL,6
AGUAS ANDINAS S.A.,CROS,2
AGUAS ANDINAS S.A.,CUNEO,2
AGUAS ANDINAS S.A.,GUIMON,2
AGUAS ANDINAS S.A.,ROJAS,2
AGUAS ANDINAS S.A.,SAGNIER,2
AGUAS ANDINAS S.A.,VILLARINO,2
AGUAS ARAUCANIA S.A.,EGUCHI,2
AGUAS ARAUCANIA S.A.,KOBAYASHI,2
AGUAS ARAUCANIA S.A.,SEKINE,2
AGUAS MAGALLANES S.A.,HATANAKA,2
AGUAS NUEVAS S.A.,KAWABE,2
AGUAS NUEVAS S.A.,KOBAYASHI,2
ALTAMAR S.A. ADMINISTRADORA GENERAL DE FONDOS,UNDURRAGA,2
ANDACOR S.A.,GAZITUA,2
ANDACOR S.A.,GRANT,2
ANDACOR S.A.,LEATHERBEE,5
ANTARCHILE S.A.,ANGELINI,2
ANTARCHILE S.A.,LYON,2
ASSET ADMINISTRADORA GENERAL DE FONDOS S.A.,ARNDT,2
ASSET ADMINISTRADORA GENERAL DE FONDOS S.A.,COVARRUBIAS,2
ASSET ADMINISTRADORA GENERAL DE FONDOS S.A.,DE BOURGUIGNON,4
AUTOMOVILISMO Y TURISMO S.A.,CAMUS,2
AUTOMOVILISMO Y TURISMO S.A.,LAVANCHY,2
AVLA CORREDORES DE BOLSA DE PRODUCTOS S.A.,BRAVO,2
AVLA S.A.,ALAMOS,2
AVLA S.A.,CHADWICK,2
AVLA S.A.,FLEISCHMANN,2
AVLA S.A.,ROJAS,2
AXXION S.A.,HELLER,2
AXXION S.A.,SOLARI,3
AZUL AZUL S.A.,HELLER,2
AZUL AZUL S.A.,HERMOSILLA,2
AZUL AZUL S.A.,PETERS,2
AZUL AZUL S.A.,SCHAPIRA,3
BANAGRO S.A.,SUTIL,2
BANCHILE ADMINISTRADORA GENERAL DE FONDOS S.A.,ERGAS,4
BANCHILE ADMINISTRADORA GENERAL DE FONDOS S.A.,HEYMANN,2
BANCHILE ADMINISTRADORA GENERAL DE FONDOS S.A.,TAGLE,2
BANCHILE SECURITIZADORA S.A.,GARCIA,2
BANCOESTADO S.A. ADMINISTRADORA GENERAL DE FONDOS,ADVANI,5
BANCOESTADO S.A. ADMINISTRADORA GENERAL DE FONDOS,BESSE,4
BANCOESTADO S.A. ADMINISTRADORA GENERAL DE FONDOS,COSTE,3
BANCOESTADO S.A. ADMINISTRADORA GENERAL DE FONDOS,CURI,3
BANCOESTADO S.A. ADMINISTRADORA GENERAL DE FONDOS,GONZALEZ,4
BANCOESTADO S.A. ADMINISTRADORA GENERAL DE FONDOS,SORGE,3
BANCOESTADO S.A. ADMINISTRADORA GENERAL DE FONDOS,TROUILLARDPERROT,3
BANCOESTADO S.A. ADMINISTRADORA GENERAL DE FONDOS,VERGARA,2
BANCOESTADO S.A. CORREDORES DE BOLSA,JIMENEZ,2
BANMEDICA S.A.,BRAVO,2
BANMEDICA S.A.,DELANO,2
BANMEDICA S.A.,MACAULIFFE,2
BANVIDA S.A.,FERNANDEZ,2
BANVIDA S.A.,GARCES,2
BANVIDA S.A.,MACAULIFFE,2
BANVIDA S.A.,SILVA,3
BESALCO S.A.,BEZANILLA,3
BESALCO S.A.,CAMUS,2
BESALCO S.A.,SAAVEDRA,2
BICECORP S.A.,LARRAIN,2
BLANCO Y NEGRO S.A.,CORREA,2
BLANCO Y NEGRO S.A.,MORALES,2
BLUMAR S.A.,MENASSA,2
BLUMAR S.A.,SAID,2
BLUMAR S.A.,SANTA CRUZ,2
BLUMAR S.A.,SARQUIS,4
"BOLSA DE COMERCIO DE SANTIAGO, BOLSA DE VALORES",BELCHIOR,2
"BOLSA DE COMERCIO DE SANTIAGO, BOLSA DE VALORES",CAMUS,2
"BOLSA DE COMERCIO DE SANTIAGO, BOLSA DE VALORES",DA SILVA,2
"BOLSA DE COMERCIO DE SANTIAGO, BOLSA DE VALORES",LARRAIN,4
"BOLSA DE COMERCIO DE SANTIAGO, BOLSA DE VALORES",VIAL,2
"BOLSA DE PRODUC. DE CHILE, BOLSA DE PROD. AGROPECUARIOS S.A.",BARROS,2
"BOLSA DE PRODUC. DE CHILE, BOLSA DE PROD. AGROPECUARIOS S.A.",RODRIGUEZ,2
"BOLSA DE PRODUC. DE CHILE, BOLSA DE PROD. AGROPECUARIOS S.A.",STENNING,2
BTG PACTUAL CHILE S.A. ADMINISTRADORA DE FONDOS DE INVERSION DE CAPITAL EXTRANJERO,CAMUS,2
BTG PACTUAL CHILE S.A. ADMINISTRADORA GENERAL DE FONDOS,CAMUS,2
BTG PACTUAL CHILE S.A. ADMINISTRADORA GENERAL DE FONDOS,CARNEIRO,2
BTG PACTUAL CHILE S.A. ADMINISTRADORA GENERAL DE FONDOS,HERRERA,2
BTG PACTUAL CHILE S.A. ADMINISTRADORA GENERAL DE FONDOS,MONTERO,2
BTG PACTUAL CHILE S.A. ADMINISTRADORA GENERAL DE FONDOS,PEREZ,2
BTG PACTUAL CHILE S.A. ADMINISTRADORA GENERAL DE FONDOS,PORTO,2
BTG PACTUAL CHILE S.A. ADMINISTRADORA GENERAL DE FONDOS,PURVIANCE,2
BTG PACTUAL CHILE S.A. CORREDORES DE BOLSA,VIAL,2
BUPA CHILE S.A.,JAUREGUIZAR,2
BUPA CHILE S.A.,MUNOZ,2
CAJA DE COMPENSACION DE ASIGNACION FAMILIAR 18 DE SEPTIEMBRE,VIAL,2
CAJA DE COMPENSACION DE ASIGNACION FAMILIAR DE LOS ANDES,DIAZ,2
CAJA DE COMPENSACION DE ASIGNACION FAMILIAR DE LOS ANDES,PEREIRA,2
CAJA DE COMPENSACION DE ASIGNACION FAMILIAR LA ARAUCANA,MORENO,2
CAJA DE COMPENSACION DE ASIGNACION FAMILIAR LA ARAUCANA,PEREZ,4
CAJA DE COMPENSACION DE ASIGNACION FAMILIAR LA ARAUCANA,SANHUEZA,2
CAJA DE COMPENSACION DE ASIGNACION FAMILIAR LOS HEROES,RIVEROS,2
CAMANCHACA S.A.,ARTEAGA,2
CAMANCHACA S.A.,FERNANDEZ,2
CAMPOS DEPORTIVOS LLACOLEN S.A.,ARRIAGADA,2
CAMPOS DEPORTIVOS LLACOLEN S.A.,PEREIRA,2
CAMPOS DEPORTIVOS LLACOLEN S.A.,THIELE,2
CAP S.A.,AWAD,2
CAP S.A.,DE ANDRACA,2
CAP S.A.,REITICH,2
CAPITAL ADVISORS ADMINISTRADORA GENERAL DE FONDOS S.A.,GAZMURI,2
CAPITALES S.A.,CRUZAT,2
CAPITALES S.A.,VALDES,2
CAROZZI S.A.,Bofill,2
"CCLV, CONTRAPARTE CENTRAL S.A.",BELCHIOR,2
"CCLV, CONTRAPARTE CENTRAL S.A.",CAMUS,2
"CCLV, CONTRAPARTE CENTRAL S.A.",DA SILVA,2
"CCLV, CONTRAPARTE CENTRAL S.A.",LARRAIN,4
"CCLV, CONTRAPARTE CENTRAL S.A.",VIAL,2
CELULOSA ARAUCO Y CONSTITUCION S.A.,ANGELINI,2
CEM S.A.,GARCIA,2
CEMENTO POLPAICO S.A.,CRUZ,2
CEMENTO POLPAICO S.A.,DIAZ,2
CEMENTO POLPAICO S.A.,EDWARDS,2
CEMENTO POLPAICO S.A.,ETCHEBARNE,2
CEMENTO POLPAICO S.A.,HURTADO,3
CEMENTO POLPAICO S.A.,IZQUIERDO,2
CEMENTO POLPAICO S.A.,JORDAN,2
CEMENTO POLPAICO S.A.,LEU,2
CEMENTO POLPAICO S.A.,MARIN,2
CEMENTO POLPAICO S.A.,MORENO,2
CEMENTO POLPAICO S.A.,PEREZ,2
CEMENTO POLPAICO S.A.,PICASSO,2
CEMENTO POLPAICO S.A.,SALINAS,2
CEMENTO POLPAICO S.A.,SILVA,3
CEMENTOS BIO BIO S.A.,BAUZA,2
CEMENTOS BIO BIO S.A.,BRIONES,3
CEMENTOS BIO BIO S.A.,FERNANDES,2
CEMENTOS BIO BIO S.A.,GOICH,2
CEMENTOS BIO BIO S.A.,ROZAS,2
CENCOSUD S.A.,KOEPFER,3
CENCOSUD S.A.,PEREZ,2
CENCOSUD S.A.,PHILIPPS,2
CENCOSUD SHOPPING S.A.,FERNANDEZ,2
CGE GAS NATURAL S.A.,ALVAREZ,2
CGE GAS NATURAL S.A.,FERNANDEZ,2
CGE GAS NATURAL S.A.,GARCIA,2
CHILE MARKET CORREDORES DE BOLSA SPA,MUNIZ,3
CHILE MARKET CORREDORES DE BOLSA SPA,RUBIO,3
CHILQUINTA ENERGIA S.A.,BRAY,2
CHILQUINTA ENERGIA S.A.,COLLIER,2
CHILQUINTA ENERGIA S.A.,DILL,2
CHILQUINTA ENERGIA S.A.,GONZALEZ,2
CHILQUINTA ENERGIA S.A.,INFANZON,2
CHILQUINTA ENERGIA S.A.,LANGAN,2
CHILQUINTA ENERGIA S.A.,LIPARIDIS,2
CHILQUINTA ENERGIA S.A.,PETERSON,2
CHILQUINTA ENERGIA S.A.,SAGARA,2
CIMENTA S.A. ADMINISTRADORA GENERAL DE FONDOS,AYALA,2
CIMENTA S.A. ADMINISTRADORA GENERAL DE FONDOS,CARDONE,2
CIMENTA S.A. ADMINISTRADORA GENERAL DE FONDOS,CORREA,2
CIMENTA S.A. ADMINISTRADORA GENERAL DE FONDOS,MARFIL,2
CIMENTA S.A. ADMINISTRADORA GENERAL DE FONDOS,MUNOZ,2
CINTAC S.A.,DE ANDRACA,2
CINTAC S.A.,REITICH,2
CLINICA LAS CONDES S.A.,GIL,3
CLINICA LAS CONDES S.A.,GOMEZ,2
CLINICA LAS CONDES S.A.,LARACH,2
CLINICA LAS CONDES S.A.,URETA,2
CLINICA LAS CONDES S.A.,VIAL,2
CLUB DE DEPORTES VALLE ESCONDIDO S.A.,CUETO,2
CLUB DE DEPORTES VALLE ESCONDIDO S.A.,MARTINEZ,2
CLUB DE DEPORTES VALLE ESCONDIDO S.A.,PLAZA,2
CLUB DE DEPORTES VALLE ESCONDIDO S.A.,SEGUI,2
CLUB DE GOLF HUINGANAL SOCIEDAD ANONIMA,ELGUETA,2
CLUB DE GOLF HUINGANAL SOCIEDAD ANONIMA,FIGUEROA,2
CLUB DE GOLF HUINGANAL SOCIEDAD ANONIMA,LOPEZ,2
CLUB DE GOLF HUINGANAL SOCIEDAD ANONIMA,MILLER,2
CLUB DEPORTIVO PALESTINO SADP,ABUAWAD,3
CLUB DEPORTIVO PALESTINO SADP,JADUE,3
CLUB DEPORTIVO PALESTINO SADP,SABAG,2
CLUB DEPORTIVO PALESTINO SADP,SALVADOR,2
CLUB ESPAÑOL DE VALPARAISO S.A.,ZAPICO,2
CLUB HIPICO DE CONCEPCION S.A.,ALVAREZ,2
CLUB HIPICO DE CONCEPCION S.A.,HINRICHS,2
CLUB HIPICO DE CONCEPCION S.A.,PORTER,2
CLUB HIPICO DE CONCEPCION S.A.,RIOS,3
CLUB HIPICO DE CONCEPCION S.A.,SANCHEZ,3
CLUB HIPICO DE PEÑUELAS S.A.,BARBERA,2
CLUB HIPICO DE PEÑUELAS S.A.,ECCLEFIELD,3
CLUB HIPICO DE PEÑUELAS S.A.,FERNANDEZ,2
CLUB HIPICO DE PUNTA ARENAS S.A.,MLADINIC,2
COAGRA S.A.,SUTIL,2
COCA COLA EMBONOR S.A.,GARCIAHUIDOBRO,3
COCA COLA EMBONOR S.A.,VIAL,3
COCA COLA EMBONOR S.A.,VICUNA,3
COLBUN S.A.,CORREA,2
COLBUN S.A.,GARCIA,2
COLBUN S.A.,LARRAIN,4
COLEGIO BRITANICO ST. MARGARET,GONZALEZ,2
"COMDER, CONTRAPARTE CENTRAL S.A.",FUENZALIDA,2
COMERCIAL DE VALORES FACTORING SPA,ABUMOHOR,3
COMPAÑIA AGROPECUARIA COPEVAL S.A.,ARIZTIA,2
COMPAÑIA AGROPECUARIA COPEVAL S.A.,CHEMERINSKI,2
COMPAÑIA CERVECERIAS UNIDAS S.A.,CRAIG,3
COMPAÑIA CERVECERIAS UNIDAS S.A.,CULLINAN,2
COMPAÑIA CERVECERIAS UNIDAS S.A.,LUKSIC,3
COMPAÑIA CERVECERIAS UNIDAS S.A.,PARSON,2
COMPAÑIA CHILENA DE FOSFOROS S.A.,VENDER,2
COMPAÑIA DE INVERSIONES LA ESPAÑOLA S.A.,DOMINGUEZ,4
COMPAÑIA DE INVERSIONES LA ESPAÑOLA S.A.,GARCIA,7
COMPAÑIA ELECTRICA DEL LITORAL S.A.,CORSSEN,2
COMPAÑIA ELECTRICA DEL LITORAL S.A.,COX,2
COMPAÑIA ELECTRICA DEL LITORAL S.A.,GARCIA,3
COMPAÑIA ELECTRICA DEL LITORAL S.A.,REYES,2
COMPAÑIA ELECTRICA DEL LITORAL S.A.,TAPIA,2
COMPAÑIA ELECTRICA DEL LITORAL S.A.,VERGARA,2
COMPAÑIA ELECTRICA DEL LITORAL S.A.,VIAL,2
COMPAÑIA ELECTRO METALURGICA S.A.,FIGUEROA,2
COMPAÑIA ELECTRO METALURGICA S.A.,GARCIA,2
COMPAÑIA ELECTRO METALURGICA S.A.,SWETT,2
COMPAÑIA GENERAL DE ELECTRICIDAD S.A.,GARCIA,2
COMPAÑIA GENERAL DE ELECTRICIDAD S.A.,SANCHEZ,2
COMPAÑIA INDUSTRIAL EL VOLCAN S.A.,CAPDEVILA,2
COMPAÑIA INDUSTRIAL EL VOLCAN S.A.,FOURNIER,2
COMPAÑIA INDUSTRIAL EL VOLCAN S.A.,GREZ,2
COMPAÑIA INDUSTRIAL EL VOLCAN S.A.,LARRAIN,5
COMPAÑIA INDUSTRIAL EL VOLCAN S.A.,LOPEZ,2
COMPAÑIA INDUSTRIAL EL VOLCAN S.A.,MATTE,4
COMPAÑIA INDUSTRIAL EL VOLCAN S.A.,NETO,2
COMPAÑIA INDUSTRIAL EL VOLCAN S.A.,VIAL,3
"COMPAÑIA NACIONAL DE TELEFONOS, TELEFONICA DEL SUR S.A.",CASANUEVA,2
COMPAÑIA SUD AMERICANA DE VAPORES S.A.,ALVAREZ,2
COMPAÑIA SUD AMERICANA DE VAPORES S.A.,CAMUS,2
COMPAÑIA SUD AMERICANA DE VAPORES S.A.,CLARO,2
COMPAÑIA SUD AMERICANA DE VAPORES S.A.,CRAIG,2
COMPAÑIA SUD AMERICANA DE VAPORES S.A.,LUKSIC,2
COMPAÑIA SUD AMERICANA DE VAPORES S.A.,PEREZ,2
COMPAÑIA SUD AMERICANA DE VAPORES S.A.,VALDES,2
COMPAÑIAS CIC S.A.,CLARO,2
COMPAÑIAS CIC S.A.,VIAL,3
CONSORCIO CORREDORES DE BOLSA S.A.,CERON,2
CONSORCIO CORREDORES DE BOLSA S.A.,GODOY,2
CONSORCIO FINANCIERO S.A.,BILBAO,2
CONSORCIO FINANCIERO S.A.,BUC,2
CONSORCIO FINANCIERO S.A.,BUCHI,2
CONSORCIO FINANCIERO S.A.,FERNANDEZ,2
CONSORCIO FINANCIERO S.A.,HURTADO,2
CONSORCIO FINANCIERO S.A.,MACAULIFFE,2
CONSORCIO FINANCIERO S.A.,VICUNA,2
CONTEMPORA CORREDORES DE BOLSA DE PRODUCTOS S.A.,BAFALLUY,4
CONTEMPORA CORREDORES DE BOLSA DE PRODUCTOS S.A.,SILVA,5
"CORPORACION GEO, S.A.B. DE C.V.",ORVANANOS,3
CORPORACION UNIVERSIDAD DE CONCEPCION,ORTIZ,2
CORPORACION UNIVERSIDAD DE CONCEPCION,SAAVEDRA,2
CORREDORES DE BOLSA SURA S.A.,CAMPOS,2
CREDICORP CAPITAL ASSET MANAGEMENT S.A. ADMINISTRADORA GENERAL DE FONDOS,BRAUN,2
CREDICORP CAPITAL S.A. CORREDORES DE BOLSA,NAVARRETE,2
CREDICORP CAPITAL S.A. CORREDORES DE BOLSA,OLIVARES,2
CRISTALERIAS DE CHILE S.A.,FIGUEROA,2
CRISTALERIAS DE CHILE S.A.,GARCIA,2
CRISTALERIAS DE CHILE S.A.,SANCHEZ,2
CRISTALERIAS DE CHILE S.A.,SWETT,2
CRUZADOS S.A.D.P.,DEL RIO,2
CURAUMA S.A.,CRUZAT,3
CURAUMA S.A.,VALDES,3
DEPORTIVA AUDAX S.A.,CANTERGIANI,2
DEPOSITO CENTRAL DE VALORES S.A. DEPOSITO DE VALORES,CAMUS,2
DEPOSITO CENTRAL DE VALORES S.A. DEPOSITO DE VALORES,VALDES,2
DUNCAN FOX S.A.,LECAROS,4
DUNCAN FOX S.A.,MENENDEZ,4
"ECHEVERRIA, IZQUIERDO S.A.",AWAD,2
"ECHEVERRIA, IZQUIERDO S.A.",ECHEVERRIA,2
"ECHEVERRIA, IZQUIERDO S.A.",VIAL,2
ECONSULT ADMINISTRADORA GENERAL DE FONDOS S.A.,ECHEVERRIA,2
ECUS ADMINISTRADORA GENERAL DE FONDOS S.A.,GUZMAN,2
EDUCADORA SAN AGUSTIN DE MELIPILLA SOCIEDAD ANONIMA,FARIAS,2
EDUCADORA SAN AGUSTIN DE MELIPILLA SOCIEDAD ANONIMA,HERRERA,2
EDUCADORA SAN AGUSTIN DE MELIPILLA SOCIEDAD ANONIMA,MEZA,4
EDUCADORA SAN AGUSTIN DE MELIPILLA SOCIEDAD ANONIMA,MORENO,2
EDUCADORA SAN AGUSTIN DE MELIPILLA SOCIEDAD ANONIMA,PLAZA,2
EDUCADORA SAN AGUSTIN DE MELIPILLA SOCIEDAD ANONIMA,URBANO,2
ELECTRICA PUNTILLA S.A.,LARRAIN,2
ELECTRICA PUNTILLA S.A.,VALDES,2
ELECTROLUX DE CHILE S.A.,BUSCARIOLI,2
ELECTROLUX DE CHILE S.A.,DO PRADO,2
ELECTROLUX DE CHILE S.A.,WITTICA,3
ELOY CORREDORES DE BOLSA DE PRODUCTOS S.A.,CARMONA,2
ELOY CORREDORES DE BOLSA DE PRODUCTOS S.A.,GRAS,2
EMBOTELLADORA ANDINA S.A.,ALSCHER,2
EMBOTELLADORA ANDINA S.A.,RAPETTI,2
EMBOTELLADORA ANDINA S.A.,ROSSI,2
EMBOTELLADORA ANDINA S.A.,SMITH,2
EMBOTELLADORA ANDINA S.A.,VERGARA,2
EMPRESA CONSTRUCTORA MOLLER Y PEREZ-COTAPOS S.A.,CONCHA,2
EMPRESA CONSTRUCTORA MOLLER Y PEREZ-COTAPOS S.A.,URETA,2
EMPRESA DE CORREOS DE CHILE,PALMA,2
EMPRESA DE LOS FERROCARRILES DEL ESTADO,CRUZ,2
EMPRESA DE LOS FERROCARRILES DEL ESTADO,DOMINGUEZ,2
EMPRESA DE LOS FERROCARRILES DEL ESTADO,GUZMAN,2
EMPRESA DE LOS FERROCARRILES DEL ESTADO,SILVA,2
EMPRESA DE LOS FERROCARRILES DEL ESTADO,VALENZUELA,2
EMPRESA DE SERVICIOS SANITARIOS DE LOS LAGOS S.A.,FERNANDEZ,2
EMPRESA DE SERVICIOS SANITARIOS DE LOS LAGOS S.A.,GUZMAN,3
EMPRESA DE SERVICIOS SANITARIOS DE LOS LAGOS S.A.,HERRERA,2
EMPRESA DE SERVICIOS SANITARIOS DE LOS LAGOS S.A.,LARRAIN,3
EMPRESA DE SERVICIOS SANITARIOS DE LOS LAGOS S.A.,RODRIGUEZ,2
EMPRESA DE SERVICIOS SANITARIOS DE LOS LAGOS S.A.,VILLARINO,2
EMPRESA DE SERVICIOS SANITARIOS LAGO PEÑUELAS S.A.,CAMUS,2
EMPRESA DE SERVICIOS SANITARIOS LAGO PEÑUELAS S.A.,CHAHUAN,2
EMPRESA DE SERVICIOS SANITARIOS LAGO PEÑUELAS S.A.,SANDOVAL,2
EMPRESA DE TRANSPORTE DE PASAJEROS METRO S.A.,CONCHA,2
EMPRESA DE TRANSPORTE DE PASAJEROS METRO S.A.,DIAZ,2
EMPRESA DE TRANSPORTE DE PASAJEROS METRO S.A.,MUNOZ,2
EMPRESA ELECTRICA DE LA FRONTERA S.A.,HAWKINS,2
EMPRESA ELECTRICA DE LA FRONTERA S.A.,MAH,2
EMPRESA ELECTRICA DE LA FRONTERA S.A.,PIRBHAI,2
EMPRESA ELECTRICA DE LA FRONTERA S.A.,ROSEKE,2
EMPRESA ELECTRICA DE MAGALLANES S.A.,CORREA,2
EMPRESA NACIONAL DEL PETROLEO,PEREZ,2
EMPRESA PESQUERA EPERVA S.A.,LYON,2
EMPRESAS AQUACHILE S.A.,ACUNA,2
EMPRESAS AQUACHILE S.A.,CONCHA,2
EMPRESAS AQUACHILE S.A.,FISCHER,2
EMPRESAS AQUACHILE S.A.,GUZMAN,2
EMPRESAS AQUACHILE S.A.,LLOP,2
EMPRESAS AQUACHILE S.A.,PEREZ,2
EMPRESAS AQUACHILE S.A.,PUCHI,2
EMPRESAS AQUACHILE S.A.,VIAL,4
EMPRESAS AQUACHILE S.A.,Vial,2
EMPRESAS CABO DE HORNOS S.A.,GARCIA,3
EMPRESAS CABO DE HORNOS S.A.,GARDEWEG,2
EMPRESAS CABO DE HORNOS S.A.,RIESCO,2
EMPRESAS CAROZZI S.A.,Bofill,2
EMPRESAS CMPC S.A.,GONZALEZ,2
EMPRESAS CMPC S.A.,LARRAIN,4
EMPRESAS CMPC S.A.,MATTE,2
EMPRESAS GASCO S.A.,ALVAREZ,3
EMPRESAS GASCO S.A.,CRUZ,2
EMPRESAS GASCO S.A.,FERNANDEZ,2
EMPRESAS GASCO S.A.,MARIN,2
EMPRESAS GASCO S.A.,PEREZ,2
EMPRESAS HITES S.A.,HITES,3
EMPRESAS HITES S.A.,VALDES,2
EMPRESAS IANSA S.A.,VARELA,2
EMPRESAS JUAN YARUR SPA,REY,2
EMPRESAS JUAN YARUR SPA,YARUR,4
EMPRESAS LA POLAR S.A.,GUZMAN,2
EMPRESAS LA POLAR S.A.,SANCHEZ,3
EMPRESAS LA POLAR S.A.,VIAL,2
EMPRESAS LIPIGAS S.A.,BRICENO,2
EMPRESAS LIPIGAS S.A.,NOGUERA,3
EMPRESAS LIPIGAS S.A.,SANTA CRUZ,2
EMPRESAS LIPIGAS S.A.,TAGLE,2
EMPRESAS LIPIGAS S.A.,VINAGRE,2
EMPRESAS LIPIGAS S.A.,YACONI,2
EMPRESAS RED SALUD S.A.,RICCI,2
EMPRESAS TRICOT S.A.,BENDAVID,3
ENAEX S.A.,HANSEN,2
ENAEX S.A.,MATSUMOTO,2
ENAEX S.A.,PAVEZ,2
ENEL DISTRIBUCION CHILE S.A.,DI VIGLIANO,2
ENEL GENERACION CHILE S.A.,BAUZA,2
ENEL GENERACION CHILE S.A.,CLARO,2
ENERGIA DE CASABLANCA S.A.,GARCIA,3
ENERGIA DE CASABLANCA S.A.,HURTADO,2
ENERGIA DE CASABLANCA S.A.,SEPULVEDA,2
ENERGIA DE CASABLANCA S.A.,TAPIA,2
ENERGIA DE CASABLANCA S.A.,VERGARA,2
ENERGIA LATINA S.A.,GARCIA,3
ENERGIA LATINA S.A.,GONZALEZ,2
ENGIE ENERGIA CHILE S.A.,BUYSERIE,3
ENGIE ENERGIA CHILE S.A.,DE,5
ENGIE ENERGIA CHILE S.A.,PELLEGRINI,2
ENGIE ENERGIA CHILE S.A.,PRIETO,2
ENJOY S.A.,GONZALEZ,3
ENJOY S.A.,JENKIN,2
ENJOY S.A.,MARTINEZ,5
ENJOY S.A.,POSADA,2
ENJOY S.A.,SEGUI,3
ENJOY S.A.,VIAL,2
ENLASA GENERACION CHILE S.A.,GARCIA,3
ENLASA GENERACION CHILE S.A.,GONZALEZ,2
ENVASES DEL PACIFICO S.A.,MUNOZ,3
ENVASES DEL PACIFICO S.A.,SOMAVIA,2
EQUITAS CAPITAL MANAGEMENT S.A.,CAREY,2
EQUITAS CAPITAL MANAGEMENT S.A.,NN,2
ESSBIO S.A.,KAYE,4
ESSBIO S.A.,NIGGLI,2
ESTADIO ISRAELITA S.A.,FARCAS,2
ESTADIO ISRAELITA S.A.,GUENDELMAN,2
ESTADIO ISRAELITA S.A.,HOLZ,2
ESTADIO ISRAELITA S.A.,WOLFF,2
ESVAL S.A.,KAYE,4
ESVAL S.A.,NIGGLI,2
ESVAL S.A.,PURCELL,3
ETCHEGARAY S.A. CORREDORES DE BOLSA,ETCHEGARAY,2
ETCHEGARAY S.A. CORREDORES DE BOLSA,MONTANER,3
EUROCAPITAL S.A.,ASTABURUAGA,2
EUROCAPITAL S.A.,LARRAIN,2
EUROCAPITAL S.A.,MORENO,2
FACTORING SECURITY S.A.,SILVA,2
FACTOTAL S.A.,COVARRUBIAS,3
FACTOTAL S.A.,VIVES,2
FALABELLA S.A.,CUNEO,2
FALABELLA S.A.,DEL RIO,4
FALABELLA S.A.,GOUDIE,4
FALABELLA S.A.,SOLARI,6
FERIA DE OSORNO S.A.,CARIOLA,3
FERIA DE OSORNO S.A.,CUBILLOS,2
FERIA DE OSORNO S.A.,DELANO,3
FERIA DE OSORNO S.A.,MENDEZ,2
FERROCARRIL DE ARICA A LA PAZ S.A.,DOMINGUEZ,2
FERROCARRIL DE ARICA A LA PAZ S.A.,MONTECINO,2
FERROCARRIL DE ARICA A LA PAZ S.A.,PEREZ,2
FERROCARRIL DEL PACIFICO S.A.,IZQUIERDO,2
FERROCARRIL DEL PACIFICO S.A.,MATSUMOTO,2
FERROCARRIL DEL PACIFICO S.A.,PAVEZ,2
FORESTAL CONSTRUCTORA Y COMERCIAL DEL PACIFICO SUR S.A.,BUSTOS,2
FORESTAL CONSTRUCTORA Y COMERCIAL DEL PACIFICO SUR S.A.,MATTE,2
FORESTAL CONSTRUCTORA Y COMERCIAL DEL PACIFICO SUR S.A.,SORIA,2
FORUM SERVICIOS FINANCIEROS S.A.,MARTINEZ,2
FORUS S.A.,OPAZO,2
FORUS S.A.,SAAVEDRA,2
FORUS S.A.,SWETT,4
FRONTAL TRUST ADMINISTRADORA GENERAL DE FONDOS S.A.,ECHEVERRIA,2
FRONTAL TRUST ADMINISTRADORA GENERAL DE FONDOS S.A.,LARRAIN,2
FRUTICOLA VICONTO S.A.,GANA,4
FRUTICOLA VICONTO S.A.,GUILISASTI,3
FRUTICOLA VICONTO S.A.,LARRAIN,2
GENERAL MOTORS FINANCIAL CHILE S.A.,KANARIOS,2
GOLF Y DEPORTES LOMAS DE LA DEHESA S.A.,LARRAIN,4
GOLF Y DEPORTES LOMAS DE LA DEHESA S.A.,OSSANDON,5
GRUPO EMPRESAS NAVIERAS S.A.,GARDEWEG,2
GRUPO EMPRESAS NAVIERAS S.A.,OSSA,2
GRUPO EMPRESAS NAVIERAS S.A.,SALAMANCA,2
GRUPO EMPRESAS NAVIERAS S.A.,URENDA,3
GRUPO SECURITY S.A.,MARIN,2
GRUPO SECURITY S.A.,PAVEZ,2
GRUPO SECURITY S.A.,SILVA,2
HIPODROMO DE ARICA S.A.,DIAZ,2
HIPODROMO DE ARICA S.A.,GONZALEZ,2
HIPODROMO DE ARICA S.A.,MUNOZ,3
HIPODROMO DE ARICA S.A.,SALAS,3
HORTIFRUT S.A.,BERASTAIN,2
HORTIFRUT S.A.,MOLLER,2
HORTIFRUT S.A.,OPAZO,2
HORTIFRUT S.A.,QUEVEDO,2
HORTIFRUT S.A.,SCHIAVETTI,2
HORTIFRUT S.A.,SWETT,2
INCOFIN S.A.,BENAVENTE,4
INDIVER S.A.,CRUZ,2
INDIVER S.A.,HERRMANN,2
INDIVER S.A.,HORNAUER,2
INDIVER S.A.,MARIN,2
INDIVER S.A.,PEREZ,2
INFODEMA S. A.,IAMPAGLIA,2
INFODEMA S. A.,WIND,2
INFRAESTRUCTURA Y TRAFICO FERROVIARIO S.A.,CUEVAS,2
INFRAESTRUCTURA Y TRAFICO FERROVIARIO S.A.,PEREZ,3
INGEVEC S.A.,BALOCCHI,2
INGEVEC S.A.,BESA,2
INGEVEC S.A.,BEZANILLA,2
INGEVEC S.A.,HUERTA,2
INGEVEC S.A.,JOCELYNHOLT,2
INMOBILIARIA CASA DE ITALIA S.A.,ARATA,2
INMOBILIARIA CASA DE ITALIA S.A.,CANESSA,2
INMOBILIARIA CASA DE ITALIA S.A.,MOLTEDO,2
INMOBILIARIA CLUB DE CAMPO S.A.,CLARO,2
INMOBILIARIA CLUB DE CAMPO S.A.,LARRAIN,2
INMOBILIARIA CLUB DE CAMPO S.A.,VIAL,3
INMOBILIARIA CLUB DE GOLF LA SERENA S.A.,CASTRO,2
INMOBILIARIA CLUB DE GOLF LA SERENA S.A.,GONZALEZ,4
INMOBILIARIA CLUB DE GOLF LA SERENA S.A.,LIRA,2
INMOBILIARIA CLUB DE GOLF LA SERENA S.A.,PENA,2
INMOBILIARIA CLUB DE GOLF Y DEPORTES LAS BRISAS S.A.,GUZMAN,2
INMOBILIARIA DEPORTIVA UNION ESPAÑOLA S.A.,LAPORTA,2
INMOBILIARIA DEPORTIVA UNION ESPAÑOLA S.A.,SANCHEZ,2
INMOBILIARIA EL REFUGIO S.A.,VALENZUELA,2
INMOBILIARIA ESTADIO SIRIO S.A.,AWAD,3
INMOBILIARIA ESTADIO SIRIO S.A.,SARQUIS,2
INMOBILIARIA ITALIANA S.A.,MARCHI,2
INMOBILIARIA MANQUEHUE S.A.,RABAT,4
INMOBILIARIA MANQUEHUE S.A.,VILAPLANA,4
INMOBILIARIA NIALEM S.A.,HITES,2
INMOBILIARIA SAN PATRICIO S.A.,BRESCIA,4
INMOBILIARIA SAN PATRICIO S.A.,MOREYRA,3
INMOBILIARIA SIXTERRA S.A.,LEGARRETA,2
INMOBILIARIA SIXTERRA S.A.,NAVARRETE,6
INMOBILIARIA SIXTERRA S.A.,ROLANDO,2
INMOBILIARIA UNION ESPAÑOLA VALPARAISO S.A.,PALACIOS,2
INMOBILIARIA UNION ESPAÑOLA VALPARAISO S.A.,ZAPICO,2
INMOBILIARIA YUGOSLAVA SOCIEDAD ANONIMA,MAGDIC,2
INSTITUTO DE DIAGNOSTICO S.A.,MARCHANT,2
INSTITUTO DE DIAGNOSTICO S.A.,PEREZ,2
INSTITUTO DE DIAGNOSTICO S.A.,PODUJE,2
INTERFACTOR S.A.,GALMEZ,4
INTERFACTOR S.A.,PUIG,3
INTERFACTOR S.A.,SILVA,2
INVERCAP S.A.,DE ANDRACA,2
INVERCAP S.A.,NAVARRETE,2
INVERCAP S.A.,REITICH,2
INVERNOVA S.A.,HURTADO,4
INVERNOVA S.A.,VICUNA,3
INVERSIONES AGRICOLAS Y COMERCIALES S.A.,BOFILL,2
INVERSIONES AGRICOLAS Y COMERCIALES S.A.,SCHMIDT,2
INVERSIONES AGUAS METROPOLITANAS S.A.,CRUZ,2
INVERSIONES AGUAS METROPOLITANAS S.A.,CUNEO,3
INVERSIONES AGUAS METROPOLITANAS S.A.,FERRER,2
INVERSIONES AGUAS METROPOLITANAS S.A.,MUCHNICK,2
INVERSIONES AGUAS METROPOLITANAS S.A.,PEREZ,2
INVERSIONES AGUAS METROPOLITANAS S.A.,QUEIROLO,2
INVERSIONES CMPC S.A.,CORREA,2
INVERSIONES CONFUTURO S.A.,GONZALEZ,2
INVERSIONES COVADONGA S.A.,BELTRAN,2
INVERSIONES COVADONGA S.A.,GARCIA,2
INVERSIONES ELECTRICAS DEL SUR S.A.,HAWKINS,2
INVERSIONES ELECTRICAS DEL SUR S.A.,MAH,2
INVERSIONES ELECTRICAS DEL SUR S.A.,PIRBHAI,2
INVERSIONES ELECTRICAS DEL SUR S.A.,PURCELL,2
INVERSIONES ELECTRICAS DEL SUR S.A.,ROSEKE,2
INVERSIONES HISPANIA S.A.,DOMINGUEZ,3
INVERSIONES HISPANIA S.A.,GARCIA,6
INVERSIONES LA CONSTRUCCION S.A.,BEZANILLA,2
INVERSIONES LENGA S.A.,ESPINOSA,2
INVERSIONES NUEVA REGION S.A.,GARABIT,2
INVERSIONES SIEMEL S.A.,GUZMAN,3
INVERSIONES TRICAHUE S.A.,DOMINGUEZ,2
INVERSIONES UNESPA S.A.,BELTRAN,2
INVERSIONES UNESPA S.A.,GARCIA,2
INVERSIONES UNION ESPAÑOLA S.A.,BELTRAN,2
INVERSIONES UNION ESPAÑOLA S.A.,GARCIA,2
INVERTEC FOODS S.A.,MAZZARELLI,2
INVERTEC FOODS S.A.,MONTANARI,3
INVEXANS S.A.,CRAIG,2
INVEXANS S.A.,LUKSIC,2
IPAL S.A.,DE ARETXABALA,5
IPAL S.A.,HERAZO,5
J.P. MORGAN CORREDORES DE BOLSA SPA,INOSTROZA,2
JAIME LARRAIN Y COMPAÑIA CORREDORES DE BOLSA LTDA,LARRAIN,2
LARRAIN VIAL S.A. CORREDORA DE BOLSA,UNDURRAGA,2
LARRAIN VIAL S.A. CORREDORES DE BOLSA DE PRODUCTOS,ECHEVERRIA,2
LARRAIN VIAL S.A. CORREDORES DE BOLSA DE PRODUCTOS,UNDURRAGA,2
LARRAINVIAL ASSET MANAGEMENT ADMINISTRADORA GENERAL DE FONDOS S.A.,CRUZAT,3
LARRAINVIAL ASSET MANAGEMENT ADMINISTRADORA GENERAL DE FONDOS S.A.,LARRAIN,3
LATAM AIRLINES GROUP S.A.,AGUTTER,2
LATAM AIRLINES GROUP S.A.,AMARO,3
LATAM AIRLINES GROUP S.A.,CUETO,4
LATAM AIRLINES GROUP S.A.,PLAZA,3
LATAM FACTORS S.A.,JORDAN,4
LATAM FACTORS S.A.,MARIN,5
LQ INVERSIONES FINANCIERAS S.A.,CRAIG,2
LQ INVERSIONES FINANCIERAS S.A.,ELIZALDE,2
LQ INVERSIONES FINANCIERAS S.A.,EYZAGUIRRE,2
LQ INVERSIONES FINANCIERAS S.A.,FIGUEROA,2
LQ INVERSIONES FINANCIERAS S.A.,FRASER,2
LQ INVERSIONES FINANCIERAS S.A.,JARAMILLO,2
LQ INVERSIONES FINANCIERAS S.A.,LUKSIC,3
MARBELLA COUNTRY CLUB S.A.,CAREY,2
MARBELLA COUNTRY CLUB S.A.,CHATEAU,2
MARBELLA COUNTRY CLUB S.A.,LERIA,2
MARBELLA COUNTRY CLUB S.A.,SCHIAVETTI,2
MARBELLA COUNTRY CLUB S.A.,TAGLE,2
MARITIMA DE INVERSIONES S.A.,CLARO,2
MARITIMA DE INVERSIONES S.A.,FIGUEROA,2
MBI ADMINISTRADORA GENERAL DE FONDOS S.A.,MUNOZ,2
MELON S.A.,BRESCIA,12
MELON S.A.,CAFFERATA,3
MELON S.A.,MOREYRA,6
METRO REGIONAL DE VALPARAISO S.A.,DOMINGUEZ,2
METROGAS S.A.,CORREA,2
MINERA VALPARAISO S.A.,LARRAIN,4
MOLIBDENOS Y METALES S. A.,CERON,2
MOLIBDENOS Y METALES S. A.,GIANOLI,2
MONEDA CORREDORES DE BOLSA LIMITADA,REYES,2
MUELLES DE PENCO S.A.,ARDIZZONI,2
MULTIEXPORT FOODS S.A.,BORDA,2
MULTIEXPORT FOODS S.A.,MINGO,2
NEORENTAS S.A. ADMINISTRADORA GENERAL DE FONDOS,JUSTINIANO,2
"NEVASA S.A., CORREDORES DE BOLSA",MUNOZ,2
NITRATOS DE CHILE S.A.,LEROU,2
NITRATOS DE CHILE S.A.,PONCE,3
NORTE GRANDE S.A.,LEROU,2
NORTE GRANDE S.A.,PONCE,3
NUEVOSUR S.A,CASTRO,2
NUEVOSUR S.A,DOMINGUEZ,5
NUEVOSUR S.A,ERRAZURIZ,5
NUEVOSUR S.A,POBLETE,2
OXIQUIM S.A.,ROLANDO,2
PARQUE ARAUCO S.A.,MUNOZ,2
PAZ CORP S.A.,SOTO,3
PENTA LAS AMERICAS ADMINISTRADORA GENERAL DE FONDOS S.A.,BRAVO,2
PENTA LAS AMERICAS ADMINISTRADORA GENERAL DE FONDOS S.A.,LAVIN,2
PENTA LAS AMERICAS ADMINISTRADORA GENERAL DE FONDOS S.A.,MENDEZ,3
PLAZA S.A.,FURST,2
PLAZA S.A.,SOLARI,2
PLUSKAPITAL AGENTES DE VALORES SPA,MISLEJ,2
PORTUARIA CABO FROWARD S.A.,SALAMANCA,2
PORTUARIA CABO FROWARD S.A.,URENDA,2
POTASIOS DE CHILE S.A.,LEROU,2
POTASIOS DE CHILE S.A.,PONCE,4
PRIMUS CAPITAL S.A.,VALENZUELA,2
PRINCIPAL ADMINISTRADORA GENERAL DE FONDOS S.A.,SCHOLTEN,2
PRINCIPAL ADMINISTRADORA GENERAL DE FONDOS S.A.,SILVA,2
QUEMCHI S.A.,CONCHA,2
QUEMCHI S.A.,FIGUEROA,2
QUEST ADMINISTRADORA GENERAL DE FONDOS S.A.,GANA,2
QUILICURA S.A.,BARROS,4
QUIÑENCO S.A.,CRAIG,2
QUIÑENCO S.A.,LUKSIC,5
REBRISA S.A.,ANDREWS,2
REBRISA S.A.,CHERNIAVSKY,2
REBRISA S.A.,FRITCH,2
REBRISA S.A.,GUELL,2
REBRISA S.A.,GUESTIN,2
REBRISA S.A.,PERRAMONT,2
REBRISA S.A.,SANCHEZ,2
REDMEGACENTRO S.A.,EGUIGUREN,2
REDMEGACENTRO S.A.,FRANKE,2
REDMEGACENTRO S.A.,GUZMAN,2
REDMEGACENTRO S.A.,HONORATO,2
RIPLEY CORP S.A.,CALDERON,3
RIPLEY CORP S.A.,ROSENBLUT,2
RIPLEY CORP S.A.,VOLOCHINSKY,2
RUTA DEL BOSQUE SOCIEDAD CONCESIONARIA S.A.,BETANCOURT,2
RUTA DEL BOSQUE SOCIEDAD CONCESIONARIA S.A.,CURE,2
RUTA DEL BOSQUE SOCIEDAD CONCESIONARIA S.A.,HERRERA,2
RUTA DEL BOSQUE SOCIEDAD CONCESIONARIA S.A.,LOPEZ,4
RUTA DEL BOSQUE SOCIEDAD CONCESIONARIA S.A.,RODRIGUEZ,2
RUTA DEL MAIPO SOCIEDAD CONCESIONARIA S.A.,BETANCOURT,2
RUTA DEL MAIPO SOCIEDAD CONCESIONARIA S.A.,CURE,2
RUTA DEL MAIPO SOCIEDAD CONCESIONARIA S.A.,HERRERA,2
RUTA DEL MAIPO SOCIEDAD CONCESIONARIA S.A.,LOPEZ,3
S. A. INMOBILIARIA SPORT FRANCAIS,CASTRO,2
S. A. INMOBILIARIA SPORT FRANCAIS,GONZALEZ,2
S. A. INMOBILIARIA SPORT FRANCAIS,MUNOZ,2
SALFACORP S.A.,HAEUSSLER,2
SALFACORP S.A.,NAVARRO,2
SALMONES AUSTRAL S.A.,HURTADO,2
SALMONES AUSTRAL S.A.,VICUNA,2
SALMONES CAMANCHACA S.A.,FERNANDEZ,2
SALMONES CAMANCHACA S.A.,GARCIA,2
SANTANA S.A.,CLARO,4
SANTANA S.A.,FERNANDEZ,2
SANTANA S.A.,VIAL,5
SANTANDER ASSET MANAGEMENT S.A. ADMINISTRADORA GENERAL DE FONDOS,ACUNA,2
SANTANDER ASSET MANAGEMENT S.A. ADMINISTRADORA GENERAL DE FONDOS,PEREZ,2
SANTANDER CONSUMER FINANCE LIMITADA,0,2
SANTANDER CONSUMER FINANCE LIMITADA,DOMINGUEZ,2
SANTANDER CORREDORES DE BOLSA LIMITADA,FERNANDEZ,2
SARTOR ADMINISTRADORA GENERAL DE FONDOS S.A.,LARRAIN,3
SARTOR ADMINISTRADORA GENERAL DE FONDOS S.A.,MERY,2
SCHWAGER S.A.,ASTE,2
SCHWAGER S.A.,CASTRO,2
SCHWAGER S.A.,CELIS,2
SCHWAGER S.A.,DURAN,2
SCHWAGER S.A.,HEVIA,2
SCHWAGER S.A.,ROJAS,3
SCHWAGER S.A.,TRESPALACIOS,2
SCOTIA ADMINISTRADORA GENERAL DE FONDOS CHILE S.A.,ARANDA,2
SCOTIA ADMINISTRADORA GENERAL DE FONDOS CHILE S.A.,ESCAMILLA,2
SECURITIZADORA SECURITY S.A.,SILVA,2
SECURITIZADORA SUDAMERICANA S.A.,GARDEWEG,2
SECURITIZADORA SUDAMERICANA S.A.,MARIN,2
SECURITIZADORA SUDAMERICANA S.A.,RIED,2
SIGDO KOPPERS S.A.,CERON,2
SIGDO KOPPERS S.A.,GARCIA,2
SIGDO KOPPERS S.A.,HANSEN,2
SIGDO KOPPERS S.A.,PAVEZ,2
SIPSA SOCIEDAD ANONIMA,BARROS,2
SIPSA SOCIEDAD ANONIMA,MENENDEZ,7
SIPSA SOCIEDAD ANONIMA,ROSS,3
SIPSA SOCIEDAD ANONIMA,SAN MARTIN,2
SIPSA SOCIEDAD ANONIMA,TOCORNAL,2
SISTEMA DE TRANSMISION DEL SUR S.A.,PURCELL,2
SMB FACTORING S.A.,ABELIUK,2
SMB FACTORING S.A.,ALCAINO,2
SMB FACTORING S.A.,BITRAN,3
SMB FACTORING S.A.,FISCHER,2
SMB FACTORING S.A.,SANHUEZA,2
SMB FACTORING S.A.,VERA,2
SMU S.A.,SAIEH,2
SOCIEDAD AGRICOLA LA ROSA SOFRUCO S.A.,OSSA,2
"SOCIEDAD ANONIMA DE DEPORTES, CLUB DE GOLF SANTIAGO",DELANO,2
"SOCIEDAD ANONIMA DE DEPORTES, CLUB DE GOLF SANTIAGO",GUERRERO,2
"SOCIEDAD ANONIMA DE DEPORTES, CLUB DE GOLF SANTIAGO",LYON,2
"SOCIEDAD ANONIMA DE DEPORTES, CLUB DE GOLF SANTIAGO",VALDES,3
"SOCIEDAD ANONIMA DE DEPORTES, CLUB DE GOLF SANTIAGO",VALENZUELA,2
"SOCIEDAD ANONIMA DE DEPORTES, CLUB DE GOLF SANTIAGO",VICUNA,2
SOCIEDAD ANONIMA ESTADIO ESPAÑOL,GONZALEZ,3
SOCIEDAD ANONIMA ESTADIO ESPAÑOL,MELERO,2
SOCIEDAD ANONIMA VIÑA SANTA RITA,BARROS,2
SOCIEDAD ANONIMA VIÑA SANTA RITA,FIGUEROA,2
SOCIEDAD AUSTRAL DE ELECTRICIDAD S.A.,HAWKINS,2
SOCIEDAD AUSTRAL DE ELECTRICIDAD S.A.,MAH,2
SOCIEDAD AUSTRAL DE ELECTRICIDAD S.A.,PIRBHAI,2
SOCIEDAD AUSTRAL DE ELECTRICIDAD S.A.,PURCELL,2
SOCIEDAD AUSTRAL DE ELECTRICIDAD S.A.,ROSEKE,2
SOCIEDAD CONCESIONARIA AUTOPISTA CENTRAL S.A.,ARENAS,3
SOCIEDAD CONCESIONARIA AUTOPISTA CENTRAL S.A.,CASAS,2
SOCIEDAD CONCESIONARIA AUTOPISTA CENTRAL S.A.,DIAZ,3
SOCIEDAD CONCESIONARIA AUTOPISTA CENTRAL S.A.,MAGRE,2
SOCIEDAD CONCESIONARIA AUTOPISTA CENTRAL S.A.,MAH,2
SOCIEDAD CONCESIONARIA AUTOPISTA CENTRAL S.A.,MORA,2
SOCIEDAD CONCESIONARIA AUTOPISTA CENTRAL S.A.,VIEJO,2
SOCIEDAD CONCESIONARIA AUTOPISTA CENTRAL S.A.,VILANOVA,2
SOCIEDAD CONCESIONARIA AUTOPISTA INTERPORTUARIA S.A.,BEZANILLA,4
SOCIEDAD CONCESIONARIA AUTOPISTA INTERPORTUARIA S.A.,MAZZOLA,2
SOCIEDAD CONCESIONARIA AUTOPISTA INTERPORTUARIA S.A.,SAAVEDRA,3
SOCIEDAD CONCESIONARIA AUTOPISTA INTERPORTUARIA S.A.,SOUBLETTE,2
SOCIEDAD CONCESIONARIA AUTOPISTA NUEVA VESPUCIO SUR S.A.,LOMBARDI,2
SOCIEDAD CONCESIONARIA COSTANERA NORTE S.A.,DAMASCO,2
SOCIEDAD CONCESIONARIA COSTANERA NORTE S.A.,LOMBARDI,2
SOCIEDAD CONCESIONARIA COSTANERA NORTE S.A.,MIDDLETON,2
SOCIEDAD CONCESIONARIA COSTANERA NORTE S.A.,NATALI,2
SOCIEDAD CONCESIONARIA MELIPILLA S.A.,BEZANILLA,4
SOCIEDAD CONCESIONARIA MELIPILLA S.A.,MAZZOLA,2
SOCIEDAD CONCESIONARIA MELIPILLA S.A.,SAAVEDRA,3
SOCIEDAD CONCESIONARIA MELIPILLA S.A.,SOUBLETTE,2
SOCIEDAD CONCESIONARIA RUTA DEL ALGARROBO S.A.,FERNANDEZ,3
SOCIEDAD CONCESIONARIA RUTA DEL ALGARROBO S.A.,GARCIA,3
SOCIEDAD CONCESIONARIA RUTA DEL ALGARROBO S.A.,SILVA,2
SOCIEDAD CONCESIONARIA RUTA DEL LIMARI S.A.,FERNANDEZ,2
SOCIEDAD CONCESIONARIA RUTA DEL LIMARI S.A.,GARCIA,3
SOCIEDAD CONCESIONARIA RUTA DEL LIMARI S.A.,SILVA,2
SOCIEDAD CONCESIONARIA RUTA DEL LIMARI S.A.,VARGAS,2
SOCIEDAD CONCESIONARIA RUTAS DEL DESIERTO S.A.,FERNANDEZ,3
SOCIEDAD CONCESIONARIA RUTAS DEL DESIERTO S.A.,GARCIA,2
SOCIEDAD CONCESIONARIA SALUD SIGLO XXI S.A.,FERNANDEZ,2
SOCIEDAD CONCESIONARIA SALUD SIGLO XXI S.A.,GARCIA,2
SOCIEDAD CONCESIONARIA SALUD SIGLO XXI S.A.,LOPEZ,2
SOCIEDAD CONCESIONARIA SALUD SIGLO XXI S.A.,ORTEGA,3
SOCIEDAD CONCESIONARIA SALUD SIGLO XXI S.A.,SILVA,2
SOCIEDAD CONCESIONARIA SALUD SIGLO XXI S.A.,ZAPATERO,2
SOCIEDAD CONCESIONARIA SAN JOSE-TECNOCONTROL S.A.,ALVAREZ,2
SOCIEDAD CONCESIONARIA SAN JOSE-TECNOCONTROL S.A.,GOMEZ,2
SOCIEDAD CONCESIONARIA SAN JOSE-TECNOCONTROL S.A.,GONZALEZ,2
SOCIEDAD CONCESIONARIA VESPUCIO NORTE EXPRESS S.A.,BARRETO,2
SOCIEDAD CONCESIONARIA VESPUCIO NORTE EXPRESS S.A.,BEBER,2
SOCIEDAD CONCESIONARIA VESPUCIO NORTE EXPRESS S.A.,CASTRO,4
SOCIEDAD CONCESIONARIA VESPUCIO NORTE EXPRESS S.A.,CRUMP,2
SOCIEDAD CONCESIONARIA VESPUCIO NORTE EXPRESS S.A.,DEL SOLAR,2
SOCIEDAD CONCESIONARIA VESPUCIO NORTE EXPRESS S.A.,GARCIA,3
SOCIEDAD CONCESIONARIA VESPUCIO NORTE EXPRESS S.A.,GOMEZ,2
SOCIEDAD CONCESIONARIA VESPUCIO NORTE EXPRESS S.A.,IBANEZ,2
SOCIEDAD CONCESIONARIA VESPUCIO NORTE EXPRESS S.A.,LEVENSON,2
SOCIEDAD CONCESIONARIA VESPUCIO NORTE EXPRESS S.A.,MARTINEZ,3
SOCIEDAD CONCESIONARIA VESPUCIO NORTE EXPRESS S.A.,SANTOS,2
SOCIEDAD DE ARTESANOS SANTA LUCIA S.A.,ARENAS,2
SOCIEDAD DE ARTESANOS SANTA LUCIA S.A.,AREVALO,2
SOCIEDAD DE ARTESANOS SANTA LUCIA S.A.,BRAVO,2
SOCIEDAD DE ARTESANOS SANTA LUCIA S.A.,ESPINOZA,2
SOCIEDAD DE ARTESANOS SANTA LUCIA S.A.,GRAINDORGE,2
SOCIEDAD DE ARTESANOS SANTA LUCIA S.A.,LEON,2
SOCIEDAD DE ARTESANOS SANTA LUCIA S.A.,MOLINA,3
SOCIEDAD DE ARTESANOS SANTA LUCIA S.A.,QUISPE,3
SOCIEDAD DE ARTESANOS SANTA LUCIA S.A.,RIVERA,2
SOCIEDAD DE ARTESANOS SANTA LUCIA S.A.,VALENCIA,2
SOCIEDAD DE DEPORTES PALESTINA S.A.,ALAMO,2
SOCIEDAD DE DEPORTES PALESTINA S.A.,ALARJA,2
SOCIEDAD DE DEPORTES PALESTINA S.A.,JAMES,2
SOCIEDAD DE DEPORTES PALESTINA S.A.,KHAMIS,2
SOCIEDAD DE DEPORTES PALESTINA S.A.,MAJLUF,2
SOCIEDAD DE DEPORTES PALESTINA S.A.,SABAG,2
SOCIEDAD DE INVERSIONES CAMPOS CHILENOS S.A.,BONZO,2
SOCIEDAD DE INVERSIONES CAMPOS CHILENOS S.A.,LEVITZ,2
SOCIEDAD DE INVERSIONES CAMPOS CHILENOS S.A.,MCNOUGHER,2
SOCIEDAD DE INVERSIONES CAMPOS CHILENOS S.A.,TRZECIAK,2
SOCIEDAD DE INVERSIONES CAMPOS CHILENOS S.A.,VARELA,2
SOCIEDAD DE INVERSIONES NORTE SUR S.A.,CORREA,2
SOCIEDAD DE INVERSIONES NORTE SUR S.A.,MAS,2
SOCIEDAD DE INVERSIONES ORO BLANCO S.A.,LEROU,2
SOCIEDAD DE INVERSIONES ORO BLANCO S.A.,PINOChet,2
SOCIEDAD DE INVERSIONES ORO BLANCO S.A.,PONCE,4
SOCIEDAD DE INVERSIONES ORO BLANCO S.A.,VALENZUELA,2
SOCIEDAD DE INVERSIONES PAMPA CALICHERA S.A.,GUERRERO,2
SOCIEDAD DE INVERSIONES PAMPA CALICHERA S.A.,LEROU,2
SOCIEDAD DE INVERSIONES PAMPA CALICHERA S.A.,PINOCHET,2
SOCIEDAD DE INVERSIONES PAMPA CALICHERA S.A.,PONCE,6
SOCIEDAD DE INVERSIONES PAMPA CALICHERA S.A.,VALENZUELA,2
SOCIEDAD DE RECREACION EL ARRAYAN S.A.,CONTRERAS,2
SOCIEDAD DE RECREACION EL ARRAYAN S.A.,GONZALEZ,2
SOCIEDAD DE RECREACION EL ARRAYAN S.A.,HOLZMANN,2
SOCIEDAD DE RECREACION EL ARRAYAN S.A.,KINTNER,2
SOCIEDAD DE RENTAS COMERCIALES S.A.,DEL RIO,3
SOCIEDAD DE RENTAS COMERCIALES S.A.,GOUDIE,3
SOCIEDAD DE RENTAS COMERCIALES S.A.,HERMOSILLA,2
SOCIEDAD HIPODROMO CHILE S.A.,COLOMA,2
SOCIEDAD HIPODROMO CHILE S.A.,FALABELLA,2
SOCIEDAD HIPODROMO CHILE S.A.,SOLARI,2
SOCIEDAD INMOBILIARIA AUTODROMO Y CAMPO DE DEPORTES LAS VIZCACHAS LIMITADA Y COMPAÑIA POR ACCIONES,EGUIGUREN,2
SOCIEDAD INMOBILIARIA AUTODROMO Y CAMPO DE DEPORTES LAS VIZCACHAS LIMITADA Y COMPAÑIA POR ACCIONES,GANA,3
SOCIEDAD INMOBILIARIA BELLAVISTA S.A.,SALAZAR,2
SOCIEDAD INMOBILIARIA BELLAVISTA S.A.,VERGARA,2
SOCIEDAD INMOBILIARIA VIÑA DEL MAR S.A.,MOLINA,2
SOCIEDAD MATRIZ SAAM S.A.,GUTIERREZ,2
SOCIEDAD MATRIZ SAAM S.A.,LUKSIC,2
SOCIEDAD NACIONAL DE OLEODUCTOS S.A.,ALVAREZ,2
SOCIEDAD PESQUERA COLOSO S.A.,LECAROS,2
SOCIEDAD PESQUERA COLOSO S.A.,MENENDEZ,2
SOCIEDAD PROCESADORA DE LECHE DEL SUR S.A.,ALCALDE,3
SOCIEDAD PROCESADORA DE LECHE DEL SUR S.A.,MURRAY,2
SOCIEDAD PROCESADORA DE LECHE DEL SUR S.A.,UNDURRAGA,2
SOCIEDAD PUNTA DEL COBRE S.A.,FERNANDEZ,2
SOCIEDAD PUNTA DEL COBRE S.A.,HURTADO,2
SOCIEDAD PUNTA DEL COBRE S.A.,IZQUIERDO,2
SOCIEDAD PUNTA DEL COBRE S.A.,MACAULIFFE,2
SOCIEDAD PUNTA DEL COBRE S.A.,VICUNA,2
SOCIEDAD QUIMICA Y MINERA DE CHILE S.A.,BOYES,2
SOCIEDAD QUIMICA Y MINERA DE CHILE S.A.,BROWNLEE,2
SOCIEDAD QUIMICA Y MINERA DE CHILE S.A.,KIRKPATRICK,2
SOCIEDAD QUIMICA Y MINERA DE CHILE S.A.,LEROU,2
SOCIEDAD QUIMICA Y MINERA DE CHILE S.A.,PONCE,2
SOCIEDAD QUIMICA Y MINERA DE CHILE S.A.,PRUGGER,2
SOCIEDAD RECREATIVA Y DEPORTIVA UNIVERSIDAD DE CONCEPCION S.A.,VERGARA,2
SOCOVESA S.A.,GRAS,2
SOCOVESA S.A.,RUDLOFF,2
SODIMAC S.A.,CUNEO,2
SODIMAC S.A.,DEL RIO,2
SODIMAC S.A.,DONAGGIO,2
SODIMAC S.A.,GOUDIE,2
SODIMAC S.A.,SOLARI,6
SONDA S.A.,BETTELEY,2
SONDA S.A.,CORREA,2
SONDA S.A.,HAEUSSLER,2
SONDA S.A.,NAVARRO,4
SOPROCAL CALERIAS E INDUSTRIAS S.A.,ROZAS,3
SOPROLE INVERSIONES S.A.,PARAVICINI,3
SOQUIMICH COMERCIAL S.A.,GONZALEZ,2
SOQUIMICH COMERCIAL S.A.,LEROU,2
SOQUIMICH COMERCIAL S.A.,PONCE,3
STADIO ITALIANO DI CONCEPCION S.A.,ISOLA,2
STADIO ITALIANO DI CONCEPCION S.A.,SAEZ,2
STF CORREDORES DE BOLSA SPA,ADLERSTEIN,2
STF CORREDORES DE BOLSA SPA,SAUER,2
SUN DREAMS S.A.,CHUTE,2
SUN DREAMS S.A.,FISCHER,2
SUN DREAMS S.A.,LLOP,2
TANNER CORREDORES DE BOLSA DE PRODUCTOS S.A.,SABAG,2
TANNER CORREDORES DE BOLSA S.A.,CASTRO,2
TANNER CORREDORES DE BOLSA S.A.,VILLASECA,3
TANNER SERVICIOS FINANCIEROS S.A.,DIAZ,2
TANNER SERVICIOS FINANCIEROS S.A.,MASSU,4
TANNER SERVICIOS FINANCIEROS S.A.,PLATA,2
TANNER SERVICIOS FINANCIEROS S.A.,SABAG,2
TECNO FAST S.A.,DEL RIO,2
TECNO FAST S.A.,LARRAIN,2
TELEFONICA CHILE S.A.,CARIDE,2
TELEFONICA CHILE S.A.,FIGUEROA,2
TELEFONICA CHILE S.A.,SERRA,2
TELEFONICA MOVILES CHILE S.A.,SERRA,2
TRANSA SECURITIZADORA S.A.,GARDEWEG,2
TRANSA SECURITIZADORA S.A.,LARRAIN,2
TRANSA SECURITIZADORA S.A.,MARIN,2
TRANSA SECURITIZADORA S.A.,RIED,2
TRANSELEC S.A.,BAMBACH,3
TRANSELEC S.A.,LIRA,2
TRANSELEC S.A.,MUNITA,2
TRANSELEC S.A.,ROSENTHAL,2
TRANSELEC S.A.,SALVATORE,2
TRANSELEC S.A.,VALDES,2
UNION EL GOLF S.A.,IRARRAZAVAL,2
UNION INMOBILIARIA S.A.,CAMUS,2
UNION INMOBILIARIA S.A.,LIRA,2
UNION INMOBILIARIA S.A.,OVALLE,3
"VALORES SECURITY S.A., CORREDORES DE BOLSA",OLIVARES,2
VALPARAISO SPORTING CLUB S.A.,CASTRO,2
VANTRUST CAPITAL ADMINISTRADORA GENERAL DE FONDOS S.A.,ABOID,2
VANTRUST CAPITAL CORREDORES DE BOLSA S.A.,NAZAL,3
VECTOR CAPITAL CORREDORES DE BOLSA S.A.,ROJAS,2
VIAS CHILE S.A.,MORALES,2
VIVOCORP S.A.,GUZMAN,2
VIVOCORP S.A.,SAIEH,2
VIÑA CONCHA Y TORO S.A.,GANA,2
VIÑA CONCHA Y TORO S.A.,GUILISASTI,2
VIÑA CONCHA Y TORO S.A.,LARRAIN,2
VIÑA CONCHA Y TORO S.A.,MARIN,2
VIÑA CONCHA Y TORO S.A.,SANTA MARIA,2
VIÑA LOS VASCOS S.A.,CLARO,2
VIÑA LOS VASCOS S.A.,CORREA,2
VIÑA LOS VASCOS S.A.,DE ROTHSCHILD,2
VIÑA LOS VASCOS S.A.,GONZALEZ,2
VIÑA LOS VASCOS S.A.,VALDES,2
VIÑA SAN PEDRO TARAPACA S.A.,MACKENNA,2
VIÑEDOS EMILIANA S.A.,GANA,5
VIÑEDOS EMILIANA S.A.,GUILISASTI,4
VIÑEDOS EMILIANA S.A.,LARRAIN,2
VIÑEDOS EMILIANA S.A.,MORANDE,2
VOLCOM SECURITIZADORA S.A.,BULNES,2
VOLCOM SECURITIZADORA S.A.,VALDES,2
VOLCOMCAPITAL ADMINISTRADORA GENERAL DE FONDOS S.A.,ANINAT,2
VOLCOMCAPITAL ADMINISTRADORA GENERAL DE FONDOS S.A.,BULNES,3
VOLCOMCAPITAL ADMINISTRADORA GENERAL DE FONDOS S.A.,LARRAIN,3
VOLCOMCAPITAL ADMINISTRADORA GENERAL DE FONDOS S.A.,VALDES,3
WATTS S.A.,BILBAO,2
WATTS S.A.,CRUZAT,3
WATTS S.A.,ECHEVERRIA,2
WATTS S.A.,HORMAECHE,2
WATTS S.A.,LARRAIN,4
WEG ADMINISTRADORA GENERAL DE FONDOS S.A.,ALVAREZ,2
WEG ADMINISTRADORA GENERAL DE FONDOS S.A.,BULNES,2
XLC ADMINISTRADORA GENERAL DE FONDOS S.A.,ALVAREZ,2
XLC ADMINISTRADORA GENERAL DE FONDOS S.A.,RAGA,2
ZONA FRANCA DE IQUIQUE S.A.,GONZALEZ,2
ZONA FRANCA DE IQUIQUE S.A.,ROJAS,2
